"","date","type","language","licence","rightsHolder","ownerInstitutionCode","eventID","samplingProtocol","sampleSizeValue","sampleSizeUnit","samplingEffort","eventDate","eventTime","locationID","continent","country","countryCode","county","locality","decimalLatitude","decimalLongitude","dynamicProperties"
"1",1998-10-29,"Event","en","http://creativecommons.org/publicdomain/zero/1.0/legalcode","A Rocha Kenya","ARK","19981029_mida","Water Bird Count",NA,"minutes","","1998-10-29","NA/NA","mida","Africa","Kenya","KE","Kilifi","Mida Creek",-3.330189,39.967088,"{coverage: """", water: """", tidal: """", weather: """", disturbed: """", participants: """", CWAC_sitecode: ""NA"", IBA_sitecode: ""KE016"", }"
"2",1999-03-10,"Event","en","http://creativecommons.org/publicdomain/zero/1.0/legalcode","A Rocha Kenya","ARK","19990310_mida","Water Bird Count",NA,"minutes","","1999-03-10","NA/NA","mida","Africa","Kenya","KE","Kilifi","Mida Creek",-3.330189,39.967088,"{coverage: """", water: """", tidal: """", weather: """", disturbed: """", participants: """", CWAC_sitecode: ""NA"", IBA_sitecode: ""KE016"", }"
"3",1999-03-24,"Event","en","http://creativecommons.org/publicdomain/zero/1.0/legalcode","A Rocha Kenya","ARK","19990324_mida","Water Bird Count",NA,"minutes","","1999-03-24","NA/NA","mida","Africa","Kenya","KE","Kilifi","Mida Creek",-3.330189,39.967088,"{coverage: """", water: """", tidal: """", weather: """", disturbed: """", participants: """", CWAC_sitecode: ""NA"", IBA_sitecode: ""KE016"", }"
"4",1999-04-08,"Event","en","http://creativecommons.org/publicdomain/zero/1.0/legalcode","A Rocha Kenya","ARK","19990408_mida","Water Bird Count",NA,"minutes","","1999-04-08","NA/NA","mida","Africa","Kenya","KE","Kilifi","Mida Creek",-3.330189,39.967088,"{coverage: """", water: """", tidal: """", weather: """", disturbed: """", participants: """", CWAC_sitecode: ""NA"", IBA_sitecode: ""KE016"", }"
"5",1999-05-10,"Event","en","http://creativecommons.org/publicdomain/zero/1.0/legalcode","A Rocha Kenya","ARK","19990510_mida","Water Bird Count",NA,"minutes","","1999-05-10","NA/NA","mida","Africa","Kenya","KE","Kilifi","Mida Creek",-3.330189,39.967088,"{coverage: """", water: """", tidal: """", weather: """", disturbed: """", participants: """", CWAC_sitecode: ""NA"", IBA_sitecode: ""KE016"", }"
"6",2000-01-29,"Event","en","http://creativecommons.org/publicdomain/zero/1.0/legalcode","A Rocha Kenya","ARK","20000129_mida","Water Bird Count",NA,"minutes","","2000-01-29","NA/NA","mida","Africa","Kenya","KE","Kilifi","Mida Creek",-3.330189,39.967088,"{coverage: """", water: """", tidal: """", weather: """", disturbed: """", participants: """", CWAC_sitecode: ""NA"", IBA_sitecode: ""KE016"", }"
"7",2000-01-30,"Event","en","http://creativecommons.org/publicdomain/zero/1.0/legalcode","A Rocha Kenya","ARK","20000130_sabaki","Water Bird Count",NA,"minutes","","2000-01-30","NA/NA","sabaki","Africa","Kenya","KE","Kilifi","Sabaki River Mouth",-3.16658,40.14167,"{coverage: """", water: """", tidal: """", weather: """", disturbed: """", participants: """", CWAC_sitecode: ""3094008"", IBA_sitecode: ""KE019"", }"
"8",2000-04-25,"Event","en","http://creativecommons.org/publicdomain/zero/1.0/legalcode","A Rocha Kenya","ARK","20000425_mida","Water Bird Count",NA,"minutes","","2000-04-25","NA/NA","mida","Africa","Kenya","KE","Kilifi","Mida Creek",-3.330189,39.967088,"{coverage: """", water: """", tidal: """", weather: """", disturbed: """", participants: """", CWAC_sitecode: ""NA"", IBA_sitecode: ""KE016"", }"
"9",2001-01-21,"Event","en","http://creativecommons.org/publicdomain/zero/1.0/legalcode","A Rocha Kenya","ARK","20010121_mida","Water Bird Count",45,"minutes","","2001-01-21","15:15/16:00","mida","Africa","Kenya","KE","Kilifi","Mida Creek",-3.330189,39.967088,"{coverage: """", water: """", tidal: """", weather: """", disturbed: """", participants: """", CWAC_sitecode: ""NA"", IBA_sitecode: ""KE016"", }"
"10",2001-01-21,"Event","en","http://creativecommons.org/publicdomain/zero/1.0/legalcode","A Rocha Kenya","ARK","20010121_sabaki","Water Bird Count",240.00480000178,"minutes","","2001-01-21","08:15/12:15","sabaki","Africa","Kenya","KE","Kilifi","Sabaki River Mouth",-3.16658,40.14167,"{coverage: """", water: """", tidal: """", weather: """", disturbed: """", participants: """", CWAC_sitecode: ""3094008"", IBA_sitecode: ""KE019"", }"
"11",2004-02-01,"Event","en","http://creativecommons.org/publicdomain/zero/1.0/legalcode","A Rocha Kenya","ARK","20040201_sabaki","Water Bird Count",265.003199998538,"minutes","","2004-02-01","08:15/12:40","sabaki","Africa","Kenya","KE","Kilifi","Sabaki River Mouth",-3.16658,40.14167,"{coverage: """", water: """", tidal: """", weather: """", disturbed: """", participants: """", CWAC_sitecode: ""3094008"", IBA_sitecode: ""KE019"", }"
"12",2004-02-04,"Event","en","http://creativecommons.org/publicdomain/zero/1.0/legalcode","A Rocha Kenya","ARK","20040204_mida","Water Bird Count",180,"minutes","","2004-02-04","15:30/18:30","mida","Africa","Kenya","KE","Kilifi","Mida Creek",-3.330189,39.967088,"{coverage: """", water: """", tidal: """", weather: """", disturbed: """", participants: """", CWAC_sitecode: ""NA"", IBA_sitecode: ""KE016"", }"
"13",2004-04-17,"Event","en","http://creativecommons.org/publicdomain/zero/1.0/legalcode","A Rocha Kenya","ARK","20040417_sabaki","Water Bird Count",214,"minutes","","2004-04-17","08:06/11:40","sabaki","Africa","Kenya","KE","Kilifi","Sabaki River Mouth",-3.16658,40.14167,"{coverage: """", water: """", tidal: """", weather: ""No effect on count"", disturbed: """", participants: """", CWAC_sitecode: ""3094008"", IBA_sitecode: ""KE019"", }"
"14",2004-05-12,"Event","en","http://creativecommons.org/publicdomain/zero/1.0/legalcode","A Rocha Kenya","ARK","20040512_sabaki","Water Bird Count",300,"minutes","","2004-05-12","09:00/14:00","sabaki","Africa","Kenya","KE","Kilifi","Sabaki River Mouth",-3.16658,40.14167,"{coverage: """", water: """", tidal: """", weather: ""No effect on count"", disturbed: """", participants: """", CWAC_sitecode: ""3094008"", IBA_sitecode: ""KE019"", }"
"15",2004-06-10,"Event","en","http://creativecommons.org/publicdomain/zero/1.0/legalcode","A Rocha Kenya","ARK","20040610_sabaki","Water Bird Count",150,"minutes","","2004-06-10","15:00/17:30","sabaki","Africa","Kenya","KE","Kilifi","Sabaki River Mouth",-3.16658,40.14167,"{coverage: """", water: """", tidal: """", weather: ""Little effect on count"", disturbed: """", participants: """", CWAC_sitecode: ""3094008"", IBA_sitecode: ""KE019"", }"
"16",2004-07-11,"Event","en","http://creativecommons.org/publicdomain/zero/1.0/legalcode","A Rocha Kenya","ARK","20040711_sabaki","Water Bird Count",160,"minutes","","2004-07-11","15:20/18:00","sabaki","Africa","Kenya","KE","Kilifi","Sabaki River Mouth",-3.16658,40.14167,"{coverage: """", water: """", tidal: """", weather: ""No effect on count"", disturbed: """", participants: """", CWAC_sitecode: ""3094008"", IBA_sitecode: ""KE019"", }"
"17",2004-08-12,"Event","en","http://creativecommons.org/publicdomain/zero/1.0/legalcode","A Rocha Kenya","ARK","20040812_sabaki","Water Bird Count",NA,"minutes","","2004-08-12","NA/NA","sabaki","Africa","Kenya","KE","Kilifi","Sabaki River Mouth",-3.16658,40.14167,"{coverage: """", water: """", tidal: """", weather: """", disturbed: """", participants: """", CWAC_sitecode: ""3094008"", IBA_sitecode: ""KE019"", }"
"18",2004-09-26,"Event","en","http://creativecommons.org/publicdomain/zero/1.0/legalcode","A Rocha Kenya","ARK","20040926_sabaki","Water Bird Count",240,"minutes","","2004-09-26","07:46/11:46","sabaki","Africa","Kenya","KE","Kilifi","Sabaki River Mouth",-3.16658,40.14167,"{coverage: """", water: """", tidal: """", weather: """", disturbed: """", participants: """", CWAC_sitecode: ""3094008"", IBA_sitecode: ""KE019"", }"
"19",2004-10-20,"Event","en","http://creativecommons.org/publicdomain/zero/1.0/legalcode","A Rocha Kenya","ARK","20041020_sabaki","Water Bird Count",NA,"minutes","","2004-10-20","NA/NA","sabaki","Africa","Kenya","KE","Kilifi","Sabaki River Mouth",-3.16658,40.14167,"{coverage: """", water: """", tidal: """", weather: """", disturbed: """", participants: """", CWAC_sitecode: ""3094008"", IBA_sitecode: ""KE019"", }"
"20",2004-11-01,"Event","en","http://creativecommons.org/publicdomain/zero/1.0/legalcode","A Rocha Kenya","ARK","20041101_sabaki","Water Bird Count",NA,"minutes","","2004-11-01","NA/NA","sabaki","Africa","Kenya","KE","Kilifi","Sabaki River Mouth",-3.16658,40.14167,"{coverage: """", water: """", tidal: """", weather: """", disturbed: """", participants: """", CWAC_sitecode: ""3094008"", IBA_sitecode: ""KE019"", }"
"21",2004-12-19,"Event","en","http://creativecommons.org/publicdomain/zero/1.0/legalcode","A Rocha Kenya","ARK","20041219_sabaki","Water Bird Count",NA,"minutes","","2004-12-19","15:00/NA","sabaki","Africa","Kenya","KE","Kilifi","Sabaki River Mouth",-3.16658,40.14167,"{coverage: """", water: """", tidal: """", weather: """", disturbed: """", participants: """", CWAC_sitecode: ""3094008"", IBA_sitecode: ""KE019"", }"
"22",2005-01-24,"Event","en","http://creativecommons.org/publicdomain/zero/1.0/legalcode","A Rocha Kenya","ARK","20050124_mida","Water Bird Count",90,"minutes","","2005-01-24","16:00/17:30","mida","Africa","Kenya","KE","Kilifi","Mida Creek",-3.330189,39.967088,"{coverage: """", water: """", tidal: """", weather: """", disturbed: """", participants: """", CWAC_sitecode: ""NA"", IBA_sitecode: ""KE016"", }"
"23",2005-01-29,"Event","en","http://creativecommons.org/publicdomain/zero/1.0/legalcode","A Rocha Kenya","ARK","20050129_sabaki","Water Bird Count",NA,"minutes","","2005-01-29","13:00/NA","sabaki","Africa","Kenya","KE","Kilifi","Sabaki River Mouth",-3.16658,40.14167,"{coverage: """", water: """", tidal: """", weather: """", disturbed: """", participants: """", CWAC_sitecode: ""3094008"", IBA_sitecode: ""KE019"", }"
"24",2005-03-28,"Event","en","http://creativecommons.org/publicdomain/zero/1.0/legalcode","A Rocha Kenya","ARK","20050328_sabaki","Water Bird Count",NA,"minutes","","2005-03-28","13:30/NA","sabaki","Africa","Kenya","KE","Kilifi","Sabaki River Mouth",-3.16658,40.14167,"{coverage: """", water: """", tidal: """", weather: """", disturbed: """", participants: """", CWAC_sitecode: ""3094008"", IBA_sitecode: ""KE019"", }"
"25",2005-06-04,"Event","en","http://creativecommons.org/publicdomain/zero/1.0/legalcode","A Rocha Kenya","ARK","20050604_sabaki","Water Bird Count",150,"minutes","","2005-06-04","07:30/10:00","sabaki","Africa","Kenya","KE","Kilifi","Sabaki River Mouth",-3.16658,40.14167,"{coverage: """", water: """", tidal: """", weather: """", disturbed: """", participants: """", CWAC_sitecode: ""3094008"", IBA_sitecode: ""KE019"", }"
"26",2005-09-16,"Event","en","http://creativecommons.org/publicdomain/zero/1.0/legalcode","A Rocha Kenya","ARK","20050916_sabaki","Water Bird Count",NA,"minutes","","2005-09-16","NA/NA","sabaki","Africa","Kenya","KE","Kilifi","Sabaki River Mouth",-3.16658,40.14167,"{coverage: """", water: """", tidal: """", weather: """", disturbed: """", participants: """", CWAC_sitecode: ""3094008"", IBA_sitecode: ""KE019"", }"
"27",2005-09-28,"Event","en","http://creativecommons.org/publicdomain/zero/1.0/legalcode","A Rocha Kenya","ARK","20050928_mida","Water Bird Count",NA,"minutes","","2005-09-28","NA/NA","mida","Africa","Kenya","KE","Kilifi","Mida Creek",-3.330189,39.967088,"{coverage: """", water: """", tidal: """", weather: """", disturbed: """", participants: """", CWAC_sitecode: ""NA"", IBA_sitecode: ""KE016"", }"
"28",2005-11-19,"Event","en","http://creativecommons.org/publicdomain/zero/1.0/legalcode","A Rocha Kenya","ARK","20051119_sabaki","Water Bird Count",NA,"minutes","","2005-11-19","NA/NA","sabaki","Africa","Kenya","KE","Kilifi","Sabaki River Mouth",-3.16658,40.14167,"{coverage: """", water: """", tidal: """", weather: """", disturbed: """", participants: """", CWAC_sitecode: ""3094008"", IBA_sitecode: ""KE019"", }"
"29",2006-01-27,"Event","en","http://creativecommons.org/publicdomain/zero/1.0/legalcode","A Rocha Kenya","ARK","20060127_mida","Water Bird Count",119.99519999822,"minutes","","2006-01-27","14:30/16:30","mida","Africa","Kenya","KE","Kilifi","Mida Creek",-3.330189,39.967088,"{coverage: """", water: """", tidal: """", weather: """", disturbed: """", participants: """", CWAC_sitecode: ""NA"", IBA_sitecode: ""KE016"", }"
"30",2006-01-29,"Event","en","http://creativecommons.org/publicdomain/zero/1.0/legalcode","A Rocha Kenya","ARK","20060129_sabaki","Water Bird Count",372.988800001144,"minutes","","2006-01-29","08:30/14:43","sabaki","Africa","Kenya","KE","Kilifi","Sabaki River Mouth",-3.16658,40.14167,"{coverage: """", water: """", tidal: """", weather: """", disturbed: """", participants: """", CWAC_sitecode: ""3094008"", IBA_sitecode: ""KE019"", }"
"31",2007-01-26,"Event","en","http://creativecommons.org/publicdomain/zero/1.0/legalcode","A Rocha Kenya","ARK","20070126_mida","Water Bird Count",60.0048000017802,"minutes","","2007-01-26","09:00/10:00","mida","Africa","Kenya","KE","Kilifi","Mida Creek",-3.330189,39.967088,"{coverage: """", water: """", tidal: """", weather: """", disturbed: """", participants: """", CWAC_sitecode: ""NA"", IBA_sitecode: ""KE016"", }"
"32",2007-01-27,"Event","en","http://creativecommons.org/publicdomain/zero/1.0/legalcode","A Rocha Kenya","ARK","20070127_sabaki","Water Bird Count",189.993600002925,"minutes","","2007-01-27","15:00/18:10","sabaki","Africa","Kenya","KE","Kilifi","Sabaki River Mouth",-3.16658,40.14167,"{coverage: """", water: """", tidal: """", weather: """", disturbed: """", participants: """", CWAC_sitecode: ""3094008"", IBA_sitecode: ""KE019"", }"
"33",2008-01-26,"Event","en","http://creativecommons.org/publicdomain/zero/1.0/legalcode","A Rocha Kenya","ARK","20080126_sabaki","Water Bird Count",180.00480000178,"minutes","","2008-01-26","11:00/14:00","sabaki","Africa","Kenya","KE","Kilifi","Sabaki River Mouth",-3.16658,40.14167,"{coverage: """", water: """", tidal: """", weather: """", disturbed: """", participants: """", CWAC_sitecode: ""3094008"", IBA_sitecode: ""KE019"", }"
"34",2008-01-30,"Event","en","http://creativecommons.org/publicdomain/zero/1.0/legalcode","A Rocha Kenya","ARK","20080130_mida","Water Bird Count",94.9968000014623,"minutes","","2008-01-30","08:50/10:25","mida","Africa","Kenya","KE","Kilifi","Mida Creek",-3.330189,39.967088,"{coverage: """", water: """", tidal: """", weather: """", disturbed: """", participants: """", CWAC_sitecode: ""NA"", IBA_sitecode: ""KE016"", }"
"35",2009-01-23,"Event","en","http://creativecommons.org/publicdomain/zero/1.0/legalcode","A Rocha Kenya","ARK","20090123_mida","Water Bird Count",90,"minutes","","2009-01-23","14:00/15:30","mida","Africa","Kenya","KE","Kilifi","Mida Creek",-3.330189,39.967088,"{coverage: """", water: """", tidal: """", weather: """", disturbed: """", participants: """", CWAC_sitecode: ""NA"", IBA_sitecode: ""KE016"", }"
"36",2009-01-25,"Event","en","http://creativecommons.org/publicdomain/zero/1.0/legalcode","A Rocha Kenya","ARK","20090125_sabaki","Water Bird Count",144.993600002925,"minutes","","2009-01-25","09:45/12:10","sabaki","Africa","Kenya","KE","Kilifi","Sabaki River Mouth",-3.16658,40.14167,"{coverage: """", water: """", tidal: """", weather: """", disturbed: """", participants: """", CWAC_sitecode: ""3094008"", IBA_sitecode: ""KE019"", }"
"37",2009-07-04,"Event","en","http://creativecommons.org/publicdomain/zero/1.0/legalcode","A Rocha Kenya","ARK","20090704_sabaki","Water Bird Count",NA,"minutes","","2009-07-04","08:00/NA","sabaki","Africa","Kenya","KE","Kilifi","Sabaki River Mouth",-3.16658,40.14167,"{coverage: """", water: """", tidal: """", weather: """", disturbed: """", participants: ""CJ,AB,CH,FX,EX,JO,MK,AK,MK"", CWAC_sitecode: ""3094008"", IBA_sitecode: ""KE019"", }"
"38",2009-07-31,"Event","en","http://creativecommons.org/publicdomain/zero/1.0/legalcode","A Rocha Kenya","ARK","20090731_mida","Water Bird Count",NA,"minutes","","2009-07-31","NA/NA","mida","Africa","Kenya","KE","Kilifi","Mida Creek",-3.330189,39.967088,"{coverage: """", water: """", tidal: """", weather: """", disturbed: """", participants: """", CWAC_sitecode: ""NA"", IBA_sitecode: ""KE016"", }"
"39",2009-08-18,"Event","en","http://creativecommons.org/publicdomain/zero/1.0/legalcode","A Rocha Kenya","ARK","20090818_sabaki","Water Bird Count",NA,"minutes","","2009-08-18","NA/NA","sabaki","Africa","Kenya","KE","Kilifi","Sabaki River Mouth",-3.16658,40.14167,"{coverage: """", water: """", tidal: """", weather: """", disturbed: """", participants: ""CJ,AB,CB"", CWAC_sitecode: ""3094008"", IBA_sitecode: ""KE019"", }"
"40",2009-09-19,"Event","en","http://creativecommons.org/publicdomain/zero/1.0/legalcode","A Rocha Kenya","ARK","20090919_sabaki","Water Bird Count",205,"minutes","","2009-09-19","09:45/13:10","sabaki","Africa","Kenya","KE","Kilifi","Sabaki River Mouth",-3.16658,40.14167,"{coverage: """", water: """", tidal: """", weather: """", disturbed: """", participants: ""CJ,AL,SO,DX,MK,JO,SK,PK"", CWAC_sitecode: ""3094008"", IBA_sitecode: ""KE019"", }"
"41",2009-09-26,"Event","en","http://creativecommons.org/publicdomain/zero/1.0/legalcode","A Rocha Kenya","ARK","20090926_mida","Water Bird Count",NA,"minutes","","2009-09-26","NA/NA","mida","Africa","Kenya","KE","Kilifi","Mida Creek",-3.330189,39.967088,"{coverage: """", water: """", tidal: """", weather: """", disturbed: """", participants: """", CWAC_sitecode: ""NA"", IBA_sitecode: ""KE016"", }"
"42",2009-10-11,"Event","en","http://creativecommons.org/publicdomain/zero/1.0/legalcode","A Rocha Kenya","ARK","20091011_sabaki","Water Bird Count",NA,"minutes","","2009-10-11","NA/NA","sabaki","Africa","Kenya","KE","Kilifi","Sabaki River Mouth",-3.16658,40.14167,"{coverage: """", water: """", tidal: """", weather: """", disturbed: """", participants: ""CJ,MX,NX,RX,MK,EX,SO"", CWAC_sitecode: ""3094008"", IBA_sitecode: ""KE019"", }"
"43",2009-11-07,"Event","en","http://creativecommons.org/publicdomain/zero/1.0/legalcode","A Rocha Kenya","ARK","20091107_sabaki","Water Bird Count",NA,"minutes","","2009-11-07","11:43/NA","sabaki","Africa","Kenya","KE","Kilifi","Sabaki River Mouth",-3.16658,40.14167,"{coverage: """", water: """", tidal: """", weather: """", disturbed: """", participants: ""CJ,MX,NX,RX,MK,EX,SO"", CWAC_sitecode: ""3094008"", IBA_sitecode: ""KE019"", }"
"44",2009-11-28,"Event","en","http://creativecommons.org/publicdomain/zero/1.0/legalcode","A Rocha Kenya","ARK","20091128_mida","Water Bird Count",NA,"minutes","","2009-11-28","NA/NA","mida","Africa","Kenya","KE","Kilifi","Mida Creek",-3.330189,39.967088,"{coverage: """", water: """", tidal: """", weather: """", disturbed: """", participants: """", CWAC_sitecode: ""NA"", IBA_sitecode: ""KE016"", }"
"45",2010-01-23,"Event","en","http://creativecommons.org/publicdomain/zero/1.0/legalcode","A Rocha Kenya","ARK","20100123_sabaki","Water Bird Count",230,"minutes","","2010-01-23","13:00/16:50","sabaki","Africa","Kenya","KE","Kilifi","Sabaki River Mouth",-3.16658,40.14167,"{coverage: """", water: """", tidal: """", weather: """", disturbed: """", participants: """", CWAC_sitecode: ""3094008"", IBA_sitecode: ""KE019"", }"
"46",2010-01-24,"Event","en","http://creativecommons.org/publicdomain/zero/1.0/legalcode","A Rocha Kenya","ARK","20100124_mida","Water Bird Count",75,"minutes","","2010-01-24","09:15/10:30","mida","Africa","Kenya","KE","Kilifi","Mida Creek",-3.330189,39.967088,"{coverage: """", water: """", tidal: """", weather: """", disturbed: """", participants: """", CWAC_sitecode: ""NA"", IBA_sitecode: ""KE016"", }"
"47",2010-02-26,"Event","en","http://creativecommons.org/publicdomain/zero/1.0/legalcode","A Rocha Kenya","ARK","20100226_sabaki","Water Bird Count",285,"minutes","","2010-02-26","07:45/12:30","sabaki","Africa","Kenya","KE","Kilifi","Sabaki River Mouth",-3.16658,40.14167,"{coverage: """", water: """", tidal: ""Low tide"", weather: """", disturbed: """", participants: """", CWAC_sitecode: ""3094008"", IBA_sitecode: ""KE019"", }"
"48",2010-04-28,"Event","en","http://creativecommons.org/publicdomain/zero/1.0/legalcode","A Rocha Kenya","ARK","20100428_sabaki","Water Bird Count",NA,"minutes","","2010-04-28","07:00/NA","sabaki","Africa","Kenya","KE","Kilifi","Sabaki River Mouth",-3.16658,40.14167,"{coverage: """", water: """", tidal: """", weather: """", disturbed: """", participants: """", CWAC_sitecode: ""3094008"", IBA_sitecode: ""KE019"", }"
"49",2010-05-08,"Event","en","http://creativecommons.org/publicdomain/zero/1.0/legalcode","A Rocha Kenya","ARK","20100508_mida","Water Bird Count",NA,"minutes","","2010-05-08","NA/NA","mida","Africa","Kenya","KE","Kilifi","Mida Creek",-3.330189,39.967088,"{coverage: """", water: """", tidal: """", weather: """", disturbed: """", participants: """", CWAC_sitecode: ""NA"", IBA_sitecode: ""KE016"", }"
"50",2010-05-25,"Event","en","http://creativecommons.org/publicdomain/zero/1.0/legalcode","A Rocha Kenya","ARK","20100525_sabaki","Water Bird Count",NA,"minutes","","2010-05-25","12:20/NA","sabaki","Africa","Kenya","KE","Kilifi","Sabaki River Mouth",-3.16658,40.14167,"{coverage: """", water: """", tidal: """", weather: """", disturbed: """", participants: """", CWAC_sitecode: ""3094008"", IBA_sitecode: ""KE019"", }"
"51",2010-06-25,"Event","en","http://creativecommons.org/publicdomain/zero/1.0/legalcode","A Rocha Kenya","ARK","20100625_sabaki","Water Bird Count",NA,"minutes","","2010-06-25","12:20/NA","sabaki","Africa","Kenya","KE","Kilifi","Sabaki River Mouth",-3.16658,40.14167,"{coverage: """", water: """", tidal: """", weather: """", disturbed: """", participants: """", CWAC_sitecode: ""3094008"", IBA_sitecode: ""KE019"", }"
"52",2010-07-23,"Event","en","http://creativecommons.org/publicdomain/zero/1.0/legalcode","A Rocha Kenya","ARK","20100723_sabaki","Water Bird Count",180,"minutes","","2010-07-23","07:15/10:15","sabaki","Africa","Kenya","KE","Kilifi","Sabaki River Mouth",-3.16658,40.14167,"{coverage: """", water: """", tidal: """", weather: """", disturbed: """", participants: ""SM,AK,IL,CJ"", CWAC_sitecode: ""3094008"", IBA_sitecode: ""KE019"", }"
"53",2010-08-27,"Event","en","http://creativecommons.org/publicdomain/zero/1.0/legalcode","A Rocha Kenya","ARK","20100827_sabaki","Water Bird Count",NA,"minutes","","2010-08-27","10:02/NA","sabaki","Africa","Kenya","KE","Kilifi","Sabaki River Mouth",-3.16658,40.14167,"{coverage: """", water: """", tidal: """", weather: """", disturbed: """", participants: ""CJ,AB,LB,TN,JVB,FK,SM"", CWAC_sitecode: ""3094008"", IBA_sitecode: ""KE019"", }"
"54",2010-09-27,"Event","en","http://creativecommons.org/publicdomain/zero/1.0/legalcode","A Rocha Kenya","ARK","20100927_sabaki","Water Bird Count",180,"minutes","","2010-09-27","10:00/13:00","sabaki","Africa","Kenya","KE","Kilifi","Sabaki River Mouth",-3.16658,40.14167,"{coverage: """", water: """", tidal: """", weather: """", disturbed: """", participants: ""CJ,AB,LB,KE,MK"", CWAC_sitecode: ""3094008"", IBA_sitecode: ""KE019"", }"
"55",2011-01-12,"Event","en","http://creativecommons.org/publicdomain/zero/1.0/legalcode","A Rocha Kenya","ARK","20110112_mida","Water Bird Count",NA,"minutes","","2011-01-12","NA/NA","mida","Africa","Kenya","KE","Kilifi","Mida Creek",-3.330189,39.967088,"{coverage: """", water: """", tidal: """", weather: """", disturbed: """", participants: """", CWAC_sitecode: ""NA"", IBA_sitecode: ""KE016"", }"
"56",2011-01-30,"Event","en","http://creativecommons.org/publicdomain/zero/1.0/legalcode","A Rocha Kenya","ARK","20110130_sabaki","Water Bird Count",NA,"minutes","","2011-01-30","NA/NA","sabaki","Africa","Kenya","KE","Kilifi","Sabaki River Mouth",-3.16658,40.14167,"{coverage: """", water: """", tidal: """", weather: """", disturbed: """", participants: """", CWAC_sitecode: ""3094008"", IBA_sitecode: ""KE019"", }"
"57",2011-04-28,"Event","en","http://creativecommons.org/publicdomain/zero/1.0/legalcode","A Rocha Kenya","ARK","20110428_mida","Water Bird Count",NA,"minutes","","2011-04-28","NA/NA","mida","Africa","Kenya","KE","Kilifi","Mida Creek",-3.330189,39.967088,"{coverage: """", water: """", tidal: """", weather: """", disturbed: """", participants: """", CWAC_sitecode: ""NA"", IBA_sitecode: ""KE016"", }"
"58",2011-05-20,"Event","en","http://creativecommons.org/publicdomain/zero/1.0/legalcode","A Rocha Kenya","ARK","20110520_sabaki","Water Bird Count",NA,"minutes","","2011-05-20","NA/NA","sabaki","Africa","Kenya","KE","Kilifi","Sabaki River Mouth",-3.16658,40.14167,"{coverage: """", water: """", tidal: """", weather: """", disturbed: """", participants: """", CWAC_sitecode: ""3094008"", IBA_sitecode: ""KE019"", }"
"59",2011-07-02,"Event","en","http://creativecommons.org/publicdomain/zero/1.0/legalcode","A Rocha Kenya","ARK","20110702_sabaki","Water Bird Count",NA,"minutes","","2011-07-02","NA/NA","sabaki","Africa","Kenya","KE","Kilifi","Sabaki River Mouth",-3.16658,40.14167,"{coverage: """", water: """", tidal: """", weather: """", disturbed: """", participants: """", CWAC_sitecode: ""3094008"", IBA_sitecode: ""KE019"", }"
"60",2011-08-30,"Event","en","http://creativecommons.org/publicdomain/zero/1.0/legalcode","A Rocha Kenya","ARK","20110830_sabaki","Water Bird Count",NA,"minutes","","2011-08-30","NA/NA","sabaki","Africa","Kenya","KE","Kilifi","Sabaki River Mouth",-3.16658,40.14167,"{coverage: """", water: """", tidal: """", weather: """", disturbed: """", participants: """", CWAC_sitecode: ""3094008"", IBA_sitecode: ""KE019"", }"
"61",2011-10-28,"Event","en","http://creativecommons.org/publicdomain/zero/1.0/legalcode","A Rocha Kenya","ARK","20111028_sabaki","Water Bird Count",NA,"minutes","","2011-10-28","NA/NA","sabaki","Africa","Kenya","KE","Kilifi","Sabaki River Mouth",-3.16658,40.14167,"{coverage: """", water: """", tidal: """", weather: """", disturbed: """", participants: """", CWAC_sitecode: ""3094008"", IBA_sitecode: ""KE019"", }"
"62",2011-11-16,"Event","en","http://creativecommons.org/publicdomain/zero/1.0/legalcode","A Rocha Kenya","ARK","20111116_sabaki","Water Bird Count",NA,"minutes","","2011-11-16","NA/NA","sabaki","Africa","Kenya","KE","Kilifi","Sabaki River Mouth",-3.16658,40.14167,"{coverage: """", water: """", tidal: """", weather: """", disturbed: """", participants: """", CWAC_sitecode: ""3094008"", IBA_sitecode: ""KE019"", }"
"63",2012-01-20,"Event","en","http://creativecommons.org/publicdomain/zero/1.0/legalcode","A Rocha Kenya","ARK","20120120_mida","Water Bird Count",120.00960000356,"minutes","","2012-01-20","14:00/16:00","mida","Africa","Kenya","KE","Kilifi","Mida Creek",-3.330189,39.967088,"{coverage: """", water: """", tidal: """", weather: """", disturbed: """", participants: """", CWAC_sitecode: ""NA"", IBA_sitecode: ""KE016"", }"
"64",2012-01-20,"Event","en","http://creativecommons.org/publicdomain/zero/1.0/legalcode","A Rocha Kenya","ARK","20120120_sabaki","Water Bird Count",107.006400005023,"minutes","","2012-01-20","08:49/10:36","sabaki","Africa","Kenya","KE","Kilifi","Sabaki River Mouth",-3.16658,40.14167,"{coverage: """", water: """", tidal: """", weather: """", disturbed: """", participants: """", CWAC_sitecode: ""3094008"", IBA_sitecode: ""KE019"", }"
"65",2012-02-18,"Event","en","http://creativecommons.org/publicdomain/zero/1.0/legalcode","A Rocha Kenya","ARK","20120218_mida","Water Bird Count",NA,"minutes","","2012-02-18","NA/NA","mida","Africa","Kenya","KE","Kilifi","Mida Creek",-3.330189,39.967088,"{coverage: """", water: """", tidal: """", weather: """", disturbed: """", participants: """", CWAC_sitecode: ""NA"", IBA_sitecode: ""KE016"", }"
"66",2012-03-30,"Event","en","http://creativecommons.org/publicdomain/zero/1.0/legalcode","A Rocha Kenya","ARK","20120330_mida","Water Bird Count",NA,"minutes","","2012-03-30","NA/NA","mida","Africa","Kenya","KE","Kilifi","Mida Creek",-3.330189,39.967088,"{coverage: """", water: """", tidal: """", weather: """", disturbed: """", participants: """", CWAC_sitecode: ""NA"", IBA_sitecode: ""KE016"", }"
"67",2012-05-05,"Event","en","http://creativecommons.org/publicdomain/zero/1.0/legalcode","A Rocha Kenya","ARK","20120505_sabaki","Water Bird Count",NA,"minutes","","2012-05-05","NA/NA","sabaki","Africa","Kenya","KE","Kilifi","Sabaki River Mouth",-3.16658,40.14167,"{coverage: """", water: """", tidal: """", weather: """", disturbed: """", participants: """", CWAC_sitecode: ""3094008"", IBA_sitecode: ""KE019"", }"
"68",2012-05-13,"Event","en","http://creativecommons.org/publicdomain/zero/1.0/legalcode","A Rocha Kenya","ARK","20120513_mida","Water Bird Count",NA,"minutes","","2012-05-13","NA/NA","mida","Africa","Kenya","KE","Kilifi","Mida Creek",-3.330189,39.967088,"{coverage: """", water: """", tidal: """", weather: """", disturbed: """", participants: """", CWAC_sitecode: ""NA"", IBA_sitecode: ""KE016"", }"
"69",2012-06-12,"Event","en","http://creativecommons.org/publicdomain/zero/1.0/legalcode","A Rocha Kenya","ARK","20120612_sabaki","Water Bird Count",NA,"minutes","","2012-06-12","NA/NA","sabaki","Africa","Kenya","KE","Kilifi","Sabaki River Mouth",-3.16658,40.14167,"{coverage: """", water: """", tidal: """", weather: """", disturbed: """", participants: """", CWAC_sitecode: ""3094008"", IBA_sitecode: ""KE019"", }"
"70",2012-07-18,"Event","en","http://creativecommons.org/publicdomain/zero/1.0/legalcode","A Rocha Kenya","ARK","20120718_sabaki","Water Bird Count",NA,"minutes","","2012-07-18","NA/NA","sabaki","Africa","Kenya","KE","Kilifi","Sabaki River Mouth",-3.16658,40.14167,"{coverage: """", water: """", tidal: """", weather: """", disturbed: """", participants: """", CWAC_sitecode: ""3094008"", IBA_sitecode: ""KE019"", }"
"71",2012-08-21,"Event","en","http://creativecommons.org/publicdomain/zero/1.0/legalcode","A Rocha Kenya","ARK","20120821_sabaki","Water Bird Count",NA,"minutes","","2012-08-21","NA/NA","sabaki","Africa","Kenya","KE","Kilifi","Sabaki River Mouth",-3.16658,40.14167,"{coverage: """", water: """", tidal: """", weather: """", disturbed: """", participants: """", CWAC_sitecode: ""3094008"", IBA_sitecode: ""KE019"", }"
"72",2012-09-27,"Event","en","http://creativecommons.org/publicdomain/zero/1.0/legalcode","A Rocha Kenya","ARK","20120927_sabaki","Water Bird Count",NA,"minutes","","2012-09-27","06:50/NA","sabaki","Africa","Kenya","KE","Kilifi","Sabaki River Mouth",-3.16658,40.14167,"{coverage: """", water: """", tidal: """", weather: """", disturbed: """", participants: """", CWAC_sitecode: ""3094008"", IBA_sitecode: ""KE019"", }"
"73",2012-11-27,"Event","en","http://creativecommons.org/publicdomain/zero/1.0/legalcode","A Rocha Kenya","ARK","20121127_sabaki","Water Bird Count",264,"minutes","","2012-11-27","07:26/11:50","sabaki","Africa","Kenya","KE","Kilifi","Sabaki River Mouth",-3.16658,40.14167,"{coverage: """", water: """", tidal: """", weather: """", disturbed: """", participants: """", CWAC_sitecode: ""3094008"", IBA_sitecode: ""KE019"", }"
"74",2013-01-05,"Event","en","http://creativecommons.org/publicdomain/zero/1.0/legalcode","A Rocha Kenya","ARK","20130105_mida","Water Bird Count",NA,"minutes","","2013-01-05","NA/NA","mida","Africa","Kenya","KE","Kilifi","Mida Creek",-3.330189,39.967088,"{coverage: """", water: """", tidal: """", weather: """", disturbed: """", participants: """", CWAC_sitecode: ""NA"", IBA_sitecode: ""KE016"", }"
"75",2013-01-24,"Event","en","http://creativecommons.org/publicdomain/zero/1.0/legalcode","A Rocha Kenya","ARK","20130124_mida","Water Bird Count",NA,"minutes","","2013-01-24","NA/NA","mida","Africa","Kenya","KE","Kilifi","Mida Creek",-3.330189,39.967088,"{coverage: """", water: """", tidal: """", weather: """", disturbed: """", participants: """", CWAC_sitecode: ""NA"", IBA_sitecode: ""KE016"", }"
"76",2013-01-27,"Event","en","http://creativecommons.org/publicdomain/zero/1.0/legalcode","A Rocha Kenya","ARK","20130127_sabaki","Water Bird Count",220.003199998538,"minutes","","2013-01-27","08:35/12:15","sabaki","Africa","Kenya","KE","Kilifi","Sabaki River Mouth",-3.16658,40.14167,"{coverage: """", water: """", tidal: """", weather: """", disturbed: """", participants: """", CWAC_sitecode: ""3094008"", IBA_sitecode: ""KE019"", }"
"77",2013-03-12,"Event","en","http://creativecommons.org/publicdomain/zero/1.0/legalcode","A Rocha Kenya","ARK","20130312_sabaki","Water Bird Count",255,"minutes","","2013-03-12","08:15/12:30","sabaki","Africa","Kenya","KE","Kilifi","Sabaki River Mouth",-3.16658,40.14167,"{coverage: """", water: """", tidal: """", weather: """", disturbed: """", participants: """", CWAC_sitecode: ""3094008"", IBA_sitecode: ""KE019"", }"
"78",2013-04-03,"Event","en","http://creativecommons.org/publicdomain/zero/1.0/legalcode","A Rocha Kenya","ARK","20130403_mida","Water Bird Count",NA,"minutes","","2013-04-03","NA/NA","mida","Africa","Kenya","KE","Kilifi","Mida Creek",-3.330189,39.967088,"{coverage: """", water: """", tidal: """", weather: """", disturbed: """", participants: """", CWAC_sitecode: ""NA"", IBA_sitecode: ""KE016"", }"
"79",2013-04-12,"Event","en","http://creativecommons.org/publicdomain/zero/1.0/legalcode","A Rocha Kenya","ARK","20130412_sabaki","Water Bird Count",NA,"minutes","","2013-04-12","NA/11:07","sabaki","Africa","Kenya","KE","Kilifi","Sabaki River Mouth",-3.16658,40.14167,"{coverage: """", water: """", tidal: """", weather: """", disturbed: """", participants: """", CWAC_sitecode: ""3094008"", IBA_sitecode: ""KE019"", }"
"80",2013-05-08,"Event","en","http://creativecommons.org/publicdomain/zero/1.0/legalcode","A Rocha Kenya","ARK","20130508_sabaki","Water Bird Count",245,"minutes","","2013-05-08","06:55/11:00","sabaki","Africa","Kenya","KE","Kilifi","Sabaki River Mouth",-3.16658,40.14167,"{coverage: """", water: """", tidal: """", weather: """", disturbed: """", participants: """", CWAC_sitecode: ""3094008"", IBA_sitecode: ""KE019"", }"
"81",2013-06-22,"Event","en","http://creativecommons.org/publicdomain/zero/1.0/legalcode","A Rocha Kenya","ARK","20130622_sabaki","Water Bird Count",265,"minutes","","2013-06-22","06:35/11:00","sabaki","Africa","Kenya","KE","Kilifi","Sabaki River Mouth",-3.16658,40.14167,"{coverage: """", water: """", tidal: """", weather: """", disturbed: """", participants: """", CWAC_sitecode: ""3094008"", IBA_sitecode: ""KE019"", }"
"82",2013-07-23,"Event","en","http://creativecommons.org/publicdomain/zero/1.0/legalcode","A Rocha Kenya","ARK","20130723_sabaki","Water Bird Count",195,"minutes","","2013-07-23","08:30/11:45","sabaki","Africa","Kenya","KE","Kilifi","Sabaki River Mouth",-3.16658,40.14167,"{coverage: """", water: """", tidal: """", weather: """", disturbed: """", participants: """", CWAC_sitecode: ""3094008"", IBA_sitecode: ""KE019"", }"
"83",2013-08-01,"Event","en","http://creativecommons.org/publicdomain/zero/1.0/legalcode","A Rocha Kenya","ARK","20130801_mida","Water Bird Count",NA,"minutes","","2013-08-01","NA/NA","mida","Africa","Kenya","KE","Kilifi","Mida Creek",-3.330189,39.967088,"{coverage: """", water: """", tidal: """", weather: """", disturbed: """", participants: """", CWAC_sitecode: ""NA"", IBA_sitecode: ""KE016"", }"
"84",2013-09-18,"Event","en","http://creativecommons.org/publicdomain/zero/1.0/legalcode","A Rocha Kenya","ARK","20130918_sabaki","Water Bird Count",NA,"minutes","","2013-09-18","07:48/NA","sabaki","Africa","Kenya","KE","Kilifi","Sabaki River Mouth",-3.16658,40.14167,"{coverage: """", water: """", tidal: """", weather: """", disturbed: """", participants: """", CWAC_sitecode: ""3094008"", IBA_sitecode: ""KE019"", }"
"85",2013-11-01,"Event","en","http://creativecommons.org/publicdomain/zero/1.0/legalcode","A Rocha Kenya","ARK","20131101_sabaki","Water Bird Count",NA,"minutes","","2013-11-01","NA/NA","sabaki","Africa","Kenya","KE","Kilifi","Sabaki River Mouth",-3.16658,40.14167,"{coverage: """", water: """", tidal: """", weather: """", disturbed: """", participants: """", CWAC_sitecode: ""3094008"", IBA_sitecode: ""KE019"", }"
"86",2013-12-14,"Event","en","http://creativecommons.org/publicdomain/zero/1.0/legalcode","A Rocha Kenya","ARK","20131214_sabaki","Water Bird Count",NA,"minutes","","2013-12-14","NA/NA","sabaki","Africa","Kenya","KE","Kilifi","Sabaki River Mouth",-3.16658,40.14167,"{coverage: """", water: """", tidal: """", weather: """", disturbed: """", participants: """", CWAC_sitecode: ""3094008"", IBA_sitecode: ""KE019"", }"
"87",2014-01-19,"Event","en","http://creativecommons.org/publicdomain/zero/1.0/legalcode","A Rocha Kenya","ARK","20140119_sabaki","Water Bird Count",155.001600003242,"minutes","","2014-01-19","09:40/12:15","sabaki","Africa","Kenya","KE","Kilifi","Sabaki River Mouth",-3.16658,40.14167,"{coverage: """", water: """", tidal: """", weather: """", disturbed: """", participants: """", CWAC_sitecode: ""3094008"", IBA_sitecode: ""KE019"", }"
"88",2014-01-23,"Event","en","http://creativecommons.org/publicdomain/zero/1.0/legalcode","A Rocha Kenya","ARK","20140123_mida","Water Bird Count",74.9951999982198,"minutes","","2014-01-23","07:30/08:45","mida","Africa","Kenya","KE","Kilifi","Mida Creek",-3.330189,39.967088,"{coverage: """", water: """", tidal: """", weather: """", disturbed: """", participants: """", CWAC_sitecode: ""NA"", IBA_sitecode: ""KE016"", }"
"89",2014-02-11,"Event","en","http://creativecommons.org/publicdomain/zero/1.0/legalcode","A Rocha Kenya","ARK","20140211_mida","Water Bird Count",NA,"minutes","","2014-02-11","NA/NA","mida","Africa","Kenya","KE","Kilifi","Mida Creek",-3.330189,39.967088,"{coverage: """", water: """", tidal: """", weather: """", disturbed: """", participants: """", CWAC_sitecode: ""NA"", IBA_sitecode: ""KE016"", }"
"90",2014-03-07,"Event","en","http://creativecommons.org/publicdomain/zero/1.0/legalcode","A Rocha Kenya","ARK","20140307_mida","Water Bird Count",NA,"minutes","","2014-03-07","NA/NA","mida","Africa","Kenya","KE","Kilifi","Mida Creek",-3.330189,39.967088,"{coverage: """", water: """", tidal: """", weather: """", disturbed: """", participants: """", CWAC_sitecode: ""NA"", IBA_sitecode: ""KE016"", }"
"91",2014-03-14,"Event","en","http://creativecommons.org/publicdomain/zero/1.0/legalcode","A Rocha Kenya","ARK","20140314_sabaki","Water Bird Count",270,"minutes","","2014-03-14","07:00/11:30","sabaki","Africa","Kenya","KE","Kilifi","Sabaki River Mouth",-3.16658,40.14167,"{coverage: """", water: """", tidal: """", weather: """", disturbed: """", participants: """", CWAC_sitecode: ""3094008"", IBA_sitecode: ""KE019"", }"
"92",2014-04-11,"Event","en","http://creativecommons.org/publicdomain/zero/1.0/legalcode","A Rocha Kenya","ARK","20140411_sabaki","Water Bird Count",205,"minutes","","2014-04-11","08:20/11:45","sabaki","Africa","Kenya","KE","Kilifi","Sabaki River Mouth",-3.16658,40.14167,"{coverage: """", water: """", tidal: """", weather: """", disturbed: """", participants: """", CWAC_sitecode: ""3094008"", IBA_sitecode: ""KE019"", }"
"93",2014-04-23,"Event","en","http://creativecommons.org/publicdomain/zero/1.0/legalcode","A Rocha Kenya","ARK","20140423_mida","Water Bird Count",NA,"minutes","","2014-04-23","NA/NA","mida","Africa","Kenya","KE","Kilifi","Mida Creek",-3.330189,39.967088,"{coverage: """", water: """", tidal: """", weather: """", disturbed: """", participants: """", CWAC_sitecode: ""NA"", IBA_sitecode: ""KE016"", }"
"94",2014-05-07,"Event","en","http://creativecommons.org/publicdomain/zero/1.0/legalcode","A Rocha Kenya","ARK","20140507_mida","Water Bird Count",NA,"minutes","","2014-05-07","NA/NA","mida","Africa","Kenya","KE","Kilifi","Mida Creek",-3.330189,39.967088,"{coverage: """", water: """", tidal: """", weather: """", disturbed: """", participants: """", CWAC_sitecode: ""NA"", IBA_sitecode: ""KE016"", }"
"95",2014-05-27,"Event","en","http://creativecommons.org/publicdomain/zero/1.0/legalcode","A Rocha Kenya","ARK","20140527_sabaki","Water Bird Count",195,"minutes","","2014-05-27","08:15/11:30","sabaki","Africa","Kenya","KE","Kilifi","Sabaki River Mouth",-3.16658,40.14167,"{coverage: """", water: """", tidal: """", weather: """", disturbed: """", participants: """", CWAC_sitecode: ""3094008"", IBA_sitecode: ""KE019"", }"
"96",2014-06-20,"Event","en","http://creativecommons.org/publicdomain/zero/1.0/legalcode","A Rocha Kenya","ARK","20140620_mida","Water Bird Count",NA,"minutes","","2014-06-20","NA/NA","mida","Africa","Kenya","KE","Kilifi","Mida Creek",-3.330189,39.967088,"{coverage: """", water: """", tidal: """", weather: """", disturbed: """", participants: """", CWAC_sitecode: ""NA"", IBA_sitecode: ""KE016"", }"
"97",2014-06-25,"Event","en","http://creativecommons.org/publicdomain/zero/1.0/legalcode","A Rocha Kenya","ARK","20140625_sabaki","Water Bird Count",190,"minutes","","2014-06-25","08:50/12:00","sabaki","Africa","Kenya","KE","Kilifi","Sabaki River Mouth",-3.16658,40.14167,"{coverage: """", water: """", tidal: """", weather: """", disturbed: """", participants: """", CWAC_sitecode: ""3094008"", IBA_sitecode: ""KE019"", }"
"98",2014-07-21,"Event","en","http://creativecommons.org/publicdomain/zero/1.0/legalcode","A Rocha Kenya","ARK","20140721_mida","Water Bird Count",NA,"minutes","","2014-07-21","NA/NA","mida","Africa","Kenya","KE","Kilifi","Mida Creek",-3.330189,39.967088,"{coverage: """", water: """", tidal: """", weather: """", disturbed: """", participants: """", CWAC_sitecode: ""NA"", IBA_sitecode: ""KE016"", }"
"99",2014-07-24,"Event","en","http://creativecommons.org/publicdomain/zero/1.0/legalcode","A Rocha Kenya","ARK","20140724_sabaki","Water Bird Count",175,"minutes","","2014-07-24","07:35/10:30","sabaki","Africa","Kenya","KE","Kilifi","Sabaki River Mouth",-3.16658,40.14167,"{coverage: """", water: """", tidal: """", weather: """", disturbed: """", participants: """", CWAC_sitecode: ""3094008"", IBA_sitecode: ""KE019"", }"
"100",2014-08-19,"Event","en","http://creativecommons.org/publicdomain/zero/1.0/legalcode","A Rocha Kenya","ARK","20140819_mida","Water Bird Count",NA,"minutes","","2014-08-19","NA/NA","mida","Africa","Kenya","KE","Kilifi","Mida Creek",-3.330189,39.967088,"{coverage: """", water: """", tidal: """", weather: """", disturbed: """", participants: """", CWAC_sitecode: ""NA"", IBA_sitecode: ""KE016"", }"
"101",2014-08-28,"Event","en","http://creativecommons.org/publicdomain/zero/1.0/legalcode","A Rocha Kenya","ARK","20140828_sabaki","Water Bird Count",NA,"minutes","","2014-08-28","08:30/NA","sabaki","Africa","Kenya","KE","Kilifi","Sabaki River Mouth",-3.16658,40.14167,"{coverage: """", water: """", tidal: """", weather: """", disturbed: """", participants: """", CWAC_sitecode: ""3094008"", IBA_sitecode: ""KE019"", }"
"102",2014-09-17,"Event","en","http://creativecommons.org/publicdomain/zero/1.0/legalcode","A Rocha Kenya","ARK","20140917_mida","Water Bird Count",NA,"minutes","","2014-09-17","NA/NA","mida","Africa","Kenya","KE","Kilifi","Mida Creek",-3.330189,39.967088,"{coverage: """", water: """", tidal: """", weather: """", disturbed: """", participants: """", CWAC_sitecode: ""NA"", IBA_sitecode: ""KE016"", }"
"103",2014-09-30,"Event","en","http://creativecommons.org/publicdomain/zero/1.0/legalcode","A Rocha Kenya","ARK","20140930_sabaki","Water Bird Count",NA,"minutes","","2014-09-30","10:48/NA","sabaki","Africa","Kenya","KE","Kilifi","Sabaki River Mouth",-3.16658,40.14167,"{coverage: """", water: """", tidal: """", weather: """", disturbed: """", participants: """", CWAC_sitecode: ""3094008"", IBA_sitecode: ""KE019"", }"
"104",2014-10-16,"Event","en","http://creativecommons.org/publicdomain/zero/1.0/legalcode","A Rocha Kenya","ARK","20141016_mida","Water Bird Count",NA,"minutes","","2014-10-16","NA/NA","mida","Africa","Kenya","KE","Kilifi","Mida Creek",-3.330189,39.967088,"{coverage: """", water: """", tidal: """", weather: """", disturbed: """", participants: """", CWAC_sitecode: ""NA"", IBA_sitecode: ""KE016"", }"
"105",2014-10-24,"Event","en","http://creativecommons.org/publicdomain/zero/1.0/legalcode","A Rocha Kenya","ARK","20141024_sabaki","Water Bird Count",255,"minutes","","2014-10-24","07:45/12:00","sabaki","Africa","Kenya","KE","Kilifi","Sabaki River Mouth",-3.16658,40.14167,"{coverage: """", water: """", tidal: """", weather: """", disturbed: """", participants: """", CWAC_sitecode: ""3094008"", IBA_sitecode: ""KE019"", }"
"106",2014-11-10,"Event","en","http://creativecommons.org/publicdomain/zero/1.0/legalcode","A Rocha Kenya","ARK","20141110_sabaki","Water Bird Count",140,"minutes","","2014-11-10","16:00/18:20","sabaki","Africa","Kenya","KE","Kilifi","Sabaki River Mouth",-3.16658,40.14167,"{coverage: """", water: """", tidal: """", weather: """", disturbed: """", participants: """", CWAC_sitecode: ""3094008"", IBA_sitecode: ""KE019"", }"
"107",2014-11-15,"Event","en","http://creativecommons.org/publicdomain/zero/1.0/legalcode","A Rocha Kenya","ARK","20141115_mida","Water Bird Count",NA,"minutes","","2014-11-15","NA/NA","mida","Africa","Kenya","KE","Kilifi","Mida Creek",-3.330189,39.967088,"{coverage: """", water: """", tidal: """", weather: """", disturbed: """", participants: """", CWAC_sitecode: ""NA"", IBA_sitecode: ""KE016"", }"
"108",2014-12-15,"Event","en","http://creativecommons.org/publicdomain/zero/1.0/legalcode","A Rocha Kenya","ARK","20141215_mida","Water Bird Count",NA,"minutes","","2014-12-15","NA/NA","mida","Africa","Kenya","KE","Kilifi","Mida Creek",-3.330189,39.967088,"{coverage: """", water: """", tidal: """", weather: """", disturbed: """", participants: """", CWAC_sitecode: ""NA"", IBA_sitecode: ""KE016"", }"
"109",2014-12-19,"Event","en","http://creativecommons.org/publicdomain/zero/1.0/legalcode","A Rocha Kenya","ARK","20141219_sabaki","Water Bird Count",255,"minutes","","2014-12-19","07:45/12:00","sabaki","Africa","Kenya","KE","Kilifi","Sabaki River Mouth",-3.16658,40.14167,"{coverage: """", water: """", tidal: """", weather: """", disturbed: """", participants: """", CWAC_sitecode: ""3094008"", IBA_sitecode: ""KE019"", }"
"110",2015-01-17,"Event","en","http://creativecommons.org/publicdomain/zero/1.0/legalcode","A Rocha Kenya","ARK","20150117_mida","Water Bird Count",180,"minutes","","2015-01-17","14:30/17:30","mida","Africa","Kenya","KE","Kilifi","Mida Creek",-3.330189,39.967088,"{coverage: """", water: """", tidal: """", weather: """", disturbed: """", participants: """", CWAC_sitecode: ""NA"", IBA_sitecode: ""KE016"", }"
"111",2015-01-17,"Event","en","http://creativecommons.org/publicdomain/zero/1.0/legalcode","A Rocha Kenya","ARK","20150117_sabaki","Water Bird Count",235,"minutes","","2015-01-17","08:05/12:00","sabaki","Africa","Kenya","KE","Kilifi","Sabaki River Mouth",-3.16658,40.14167,"{coverage: """", water: """", tidal: """", weather: """", disturbed: """", participants: """", CWAC_sitecode: ""3094008"", IBA_sitecode: ""KE019"", }"
"112",2015-02-12,"Event","en","http://creativecommons.org/publicdomain/zero/1.0/legalcode","A Rocha Kenya","ARK","20150212_mida","Water Bird Count",NA,"minutes","","2015-02-12","NA/NA","mida","Africa","Kenya","KE","Kilifi","Mida Creek",-3.330189,39.967088,"{coverage: """", water: """", tidal: """", weather: """", disturbed: """", participants: """", CWAC_sitecode: ""NA"", IBA_sitecode: ""KE016"", }"
"113",2015-02-17,"Event","en","http://creativecommons.org/publicdomain/zero/1.0/legalcode","A Rocha Kenya","ARK","20150217_sabaki","Water Bird Count",200,"minutes","","2015-02-17","08:45/12:05","sabaki","Africa","Kenya","KE","Kilifi","Sabaki River Mouth",-3.16658,40.14167,"{coverage: """", water: """", tidal: """", weather: """", disturbed: """", participants: """", CWAC_sitecode: ""3094008"", IBA_sitecode: ""KE019"", }"
"114",2015-05-15,"Event","en","http://creativecommons.org/publicdomain/zero/1.0/legalcode","A Rocha Kenya","ARK","20150515_sabaki","Water Bird Count",235,"minutes","","2015-05-15","07:50/11:45","sabaki","Africa","Kenya","KE","Kilifi","Sabaki River Mouth",-3.16658,40.14167,"{coverage: """", water: """", tidal: """", weather: """", disturbed: """", participants: """", CWAC_sitecode: ""3094008"", IBA_sitecode: ""KE019"", }"
"115",2015-05-26,"Event","en","http://creativecommons.org/publicdomain/zero/1.0/legalcode","A Rocha Kenya","ARK","20150526_mida","Water Bird Count",NA,"minutes","","2015-05-26","NA/NA","mida","Africa","Kenya","KE","Kilifi","Mida Creek",-3.330189,39.967088,"{coverage: """", water: """", tidal: """", weather: """", disturbed: """", participants: """", CWAC_sitecode: ""NA"", IBA_sitecode: ""KE016"", }"
"116",2015-07-17,"Event","en","http://creativecommons.org/publicdomain/zero/1.0/legalcode","A Rocha Kenya","ARK","20150717_sabaki","Water Bird Count",250,"minutes","","2015-07-17","09:20/13:30","sabaki","Africa","Kenya","KE","Kilifi","Sabaki River Mouth",-3.16658,40.14167,"{coverage: """", water: """", tidal: """", weather: """", disturbed: """", participants: """", CWAC_sitecode: ""3094008"", IBA_sitecode: ""KE019"", }"
"117",2015-07-23,"Event","en","http://creativecommons.org/publicdomain/zero/1.0/legalcode","A Rocha Kenya","ARK","20150723_mida","Water Bird Count",NA,"minutes","","2015-07-23","NA/NA","mida","Africa","Kenya","KE","Kilifi","Mida Creek",-3.330189,39.967088,"{coverage: """", water: """", tidal: """", weather: """", disturbed: """", participants: """", CWAC_sitecode: ""NA"", IBA_sitecode: ""KE016"", }"
"118",2015-08-24,"Event","en","http://creativecommons.org/publicdomain/zero/1.0/legalcode","A Rocha Kenya","ARK","20150824_mida","Water Bird Count",NA,"minutes","","2015-08-24","NA/NA","mida","Africa","Kenya","KE","Kilifi","Mida Creek",-3.330189,39.967088,"{coverage: """", water: """", tidal: """", weather: """", disturbed: """", participants: """", CWAC_sitecode: ""NA"", IBA_sitecode: ""KE016"", }"
"119",2015-09-29,"Event","en","http://creativecommons.org/publicdomain/zero/1.0/legalcode","A Rocha Kenya","ARK","20150929_sabaki","Water Bird Count",170,"minutes","","2015-09-29","09:40/12:30","sabaki","Africa","Kenya","KE","Kilifi","Sabaki River Mouth",-3.16658,40.14167,"{coverage: """", water: """", tidal: """", weather: """", disturbed: """", participants: """", CWAC_sitecode: ""3094008"", IBA_sitecode: ""KE019"", }"
"120",2015-11-04,"Event","en","http://creativecommons.org/publicdomain/zero/1.0/legalcode","A Rocha Kenya","ARK","20151104_mida","Water Bird Count",NA,"minutes","","2015-11-04","NA/NA","mida","Africa","Kenya","KE","Kilifi","Mida Creek",-3.330189,39.967088,"{coverage: """", water: """", tidal: """", weather: """", disturbed: """", participants: """", CWAC_sitecode: ""NA"", IBA_sitecode: ""KE016"", }"
"121",2016-01-20,"Event","en","http://creativecommons.org/publicdomain/zero/1.0/legalcode","A Rocha Kenya","ARK","20160120_mida","Water Bird Count",105,"minutes","","2016-01-20","13:30/15:15","mida","Africa","Kenya","KE","Kilifi","Mida Creek",-3.330189,39.967088,"{coverage: """", water: """", tidal: """", weather: """", disturbed: """", participants: """", CWAC_sitecode: ""NA"", IBA_sitecode: ""KE016"", }"
"122",2016-01-23,"Event","en","http://creativecommons.org/publicdomain/zero/1.0/legalcode","A Rocha Kenya","ARK","20160123_sabaki","Water Bird Count",323,"minutes","","2016-01-23","09:15/14:38","sabaki","Africa","Kenya","KE","Kilifi","Sabaki River Mouth",-3.16658,40.14167,"{coverage: """", water: """", tidal: """", weather: """", disturbed: """", participants: """", CWAC_sitecode: ""3094008"", IBA_sitecode: ""KE019"", }"
"123",2016-10-27,"Event","en","http://creativecommons.org/publicdomain/zero/1.0/legalcode","A Rocha Kenya","ARK","20161027_sabaki","Water Bird Count",210,"minutes","","2016-10-27","08:00/11:30","sabaki","Africa","Kenya","KE","Kilifi","Sabaki River Mouth",-3.16658,40.14167,"{coverage: """", water: """", tidal: """", weather: """", disturbed: """", participants: """", CWAC_sitecode: ""3094008"", IBA_sitecode: ""KE019"", }"
"124",2017-01-20,"Event","en","http://creativecommons.org/publicdomain/zero/1.0/legalcode","A Rocha Kenya","ARK","20170120_mida","Water Bird Count",128,"minutes","Excellent, 75-99%","2017-01-20","09:30/11:38","mida","Africa","Kenya","KE","Kilifi","Mida Creek",-3.330189,39.967088,"{coverage: ""Excellent, 75-99%"", water: """", tidal: """", weather: """", disturbed: ""No effect"", participants: ""MA, KL,  MX3, KX1, KM, JB"", CWAC_sitecode: ""NA"", IBA_sitecode: ""KE016"", }"
"125",2017-01-20,"Event","en","http://creativecommons.org/publicdomain/zero/1.0/legalcode","A Rocha Kenya","ARK","20170120_sabaki","Water Bird Count",244,"minutes","Excellent, 75-99%","2017-01-20","13:24/17:28","sabaki","Africa","Kenya","KE","Kilifi","Sabaki River Mouth",-3.16658,40.14167,"{coverage: ""Excellent, 75-99%"", water: """", tidal: """", weather: """", disturbed: ""Disturbed (unqualified)"", participants: ""KL. MA, KX1, KM, MX3"", CWAC_sitecode: ""3094008"", IBA_sitecode: ""KE019"", }"
"126",2017-06-02,"Event","en","http://creativecommons.org/publicdomain/zero/1.0/legalcode","A Rocha Kenya","ARK","20170602_mida","Water Bird Count",NA,"minutes","","2017-06-02","NA/NA","mida","Africa","Kenya","KE","Kilifi","Mida Creek",-3.330189,39.967088,"{coverage: """", water: """", tidal: """", weather: """", disturbed: """", participants: """", CWAC_sitecode: ""NA"", IBA_sitecode: ""KE016"", }"
"127",2017-08-31,"Event","en","http://creativecommons.org/publicdomain/zero/1.0/legalcode","A Rocha Kenya","ARK","20170831_mida","Water Bird Count",NA,"minutes","","2017-08-31","NA/NA","mida","Africa","Kenya","KE","Kilifi","Mida Creek",-3.330189,39.967088,"{coverage: """", water: """", tidal: """", weather: """", disturbed: """", participants: """", CWAC_sitecode: ""NA"", IBA_sitecode: ""KE016"", }"
"128",2017-09-01,"Event","en","http://creativecommons.org/publicdomain/zero/1.0/legalcode","A Rocha Kenya","ARK","20170901_mida","Water Bird Count",NA,"minutes","","2017-09-01","NA/NA","mida","Africa","Kenya","KE","Kilifi","Mida Creek",-3.330189,39.967088,"{coverage: """", water: """", tidal: """", weather: """", disturbed: """", participants: """", CWAC_sitecode: ""NA"", IBA_sitecode: ""KE016"", }"
"129",2017-10-28,"Event","en","http://creativecommons.org/publicdomain/zero/1.0/legalcode","A Rocha Kenya","ARK","20171028_mida","Water Bird Count",65,"minutes","Good, 50-75%","2017-10-28","08:45/09:50","mida","Africa","Kenya","KE","Kilifi","Mida Creek",-3.330189,39.967088,"{coverage: ""Good, 50-75%"", water: """", tidal: """", weather: ""No effect on count"", disturbed: """", participants: ""HM2,JA2"", CWAC_sitecode: ""NA"", IBA_sitecode: ""KE016"", }"
"130",2017-11-03,"Event","en","http://creativecommons.org/publicdomain/zero/1.0/legalcode","A Rocha Kenya","ARK","20171103_sabaki","Water Bird Count",NA,"minutes","","2017-11-03","08:07/NA","sabaki","Africa","Kenya","KE","Kilifi","Sabaki River Mouth",-3.16658,40.14167,"{coverage: """", water: """", tidal: """", weather: """", disturbed: """", participants: """", CWAC_sitecode: ""3094008"", IBA_sitecode: ""KE019"", }"
"131",2017-12-12,"Event","en","http://creativecommons.org/publicdomain/zero/1.0/legalcode","A Rocha Kenya","ARK","20171212_mida","Water Bird Count",NA,"minutes","","2017-12-12","NA/NA","mida","Africa","Kenya","KE","Kilifi","Mida Creek",-3.330189,39.967088,"{coverage: """", water: """", tidal: """", weather: """", disturbed: """", participants: """", CWAC_sitecode: ""NA"", IBA_sitecode: ""KE016"", }"
"132",2018-01-30,"Event","en","http://creativecommons.org/publicdomain/zero/1.0/legalcode","A Rocha Kenya","ARK","20180130_sabaki","Water Bird Count",240,"minutes","Excellent, 75-99%","2018-01-30","08:00/12:00","sabaki","Africa","Kenya","KE","Kilifi","Sabaki River Mouth",-3.16658,40.14167,"{coverage: ""Excellent, 75-99%"", water: """", tidal: ""Low tide"", weather: ""No effect on count"", disturbed: ""Strong effect"", participants: ""CJ"", CWAC_sitecode: ""3094008"", IBA_sitecode: ""KE019"", }"
"133",2018-02-22,"Event","en","http://creativecommons.org/publicdomain/zero/1.0/legalcode","A Rocha Kenya","ARK","20180222_mida","Water Bird Count",153,"minutes","","2018-02-22","09:22/11:55","mida","Africa","Kenya","KE","Kilifi","Mida Creek",-3.330189,39.967088,"{coverage: """", water: """", tidal: """", weather: """", disturbed: """", participants: """", CWAC_sitecode: ""NA"", IBA_sitecode: ""KE016"", }"
"134",2018-05-10,"Event","en","http://creativecommons.org/publicdomain/zero/1.0/legalcode","A Rocha Kenya","ARK","20180510_mida","Water Bird Count",NA,"minutes","","2018-05-10","NA/NA","mida","Africa","Kenya","KE","Kilifi","Mida Creek",-3.330189,39.967088,"{coverage: """", water: """", tidal: """", weather: """", disturbed: """", participants: """", CWAC_sitecode: ""NA"", IBA_sitecode: ""KE016"", }"
"135",2018-05-15,"Event","en","http://creativecommons.org/publicdomain/zero/1.0/legalcode","A Rocha Kenya","ARK","20180515_sabaki","Water Bird Count",NA,"minutes","","2018-05-15","08:30/NA","sabaki","Africa","Kenya","KE","Kilifi","Sabaki River Mouth",-3.16658,40.14167,"{coverage: """", water: """", tidal: """", weather: """", disturbed: """", participants: """", CWAC_sitecode: ""3094008"", IBA_sitecode: ""KE019"", }"
"136",2018-06-06,"Event","en","http://creativecommons.org/publicdomain/zero/1.0/legalcode","A Rocha Kenya","ARK","20180606_mida","Water Bird Count",NA,"minutes","","2018-06-06","NA/NA","mida","Africa","Kenya","KE","Kilifi","Mida Creek",-3.330189,39.967088,"{coverage: """", water: """", tidal: """", weather: """", disturbed: """", participants: """", CWAC_sitecode: ""NA"", IBA_sitecode: ""KE016"", }"
"137",2019-01-18,"Event","en","http://creativecommons.org/publicdomain/zero/1.0/legalcode","A Rocha Kenya","ARK","20190118_mida","Water Bird Count",120,"minutes","","2019-01-18","14:10/16:10","mida","Africa","Kenya","KE","Kilifi","Mida Creek",-3.330189,39.967088,"{coverage: """", water: """", tidal: """", weather: """", disturbed: """", participants: """", CWAC_sitecode: ""NA"", IBA_sitecode: ""KE016"", }"
"138",2019-01-19,"Event","en","http://creativecommons.org/publicdomain/zero/1.0/legalcode","A Rocha Kenya","ARK","20190119_sabaki","Water Bird Count",230,"minutes","","2019-01-19","08:20/12:10","sabaki","Africa","Kenya","KE","Kilifi","Sabaki River Mouth",-3.16658,40.14167,"{coverage: """", water: """", tidal: """", weather: """", disturbed: """", participants: """", CWAC_sitecode: ""3094008"", IBA_sitecode: ""KE019"", }"
"139",2019-03-14,"Event","en","http://creativecommons.org/publicdomain/zero/1.0/legalcode","A Rocha Kenya","ARK","20190314_mida","Water Bird Count",170,"minutes","","2019-03-14","07:50/10:40","mida","Africa","Kenya","KE","Kilifi","Mida Creek",-3.330189,39.967088,"{coverage: """", water: """", tidal: """", weather: """", disturbed: """", participants: """", CWAC_sitecode: ""NA"", IBA_sitecode: ""KE016"", }"
"140",2019-03-20,"Event","en","http://creativecommons.org/publicdomain/zero/1.0/legalcode","A Rocha Kenya","ARK","20190320_sabaki","Water Bird Count",260,"minutes","","2019-03-20","08:30/12:50","sabaki","Africa","Kenya","KE","Kilifi","Sabaki River Mouth",-3.16658,40.14167,"{coverage: """", water: """", tidal: """", weather: """", disturbed: """", participants: """", CWAC_sitecode: ""3094008"", IBA_sitecode: ""KE019"", }"
"141",2019-04-18,"Event","en","http://creativecommons.org/publicdomain/zero/1.0/legalcode","A Rocha Kenya","ARK","20190418_sabaki","Water Bird Count",240,"minutes","","2019-04-18","08:00/12:00","sabaki","Africa","Kenya","KE","Kilifi","Sabaki River Mouth",-3.16658,40.14167,"{coverage: """", water: """", tidal: """", weather: """", disturbed: """", participants: """", CWAC_sitecode: ""3094008"", IBA_sitecode: ""KE019"", }"
"142",2019-04-29,"Event","en","http://creativecommons.org/publicdomain/zero/1.0/legalcode","A Rocha Kenya","ARK","20190429_mida","Water Bird Count",77,"minutes","","2019-04-29","13:08/14:25","mida","Africa","Kenya","KE","Kilifi","Mida Creek",-3.330189,39.967088,"{coverage: """", water: """", tidal: """", weather: """", disturbed: """", participants: """", CWAC_sitecode: ""NA"", IBA_sitecode: ""KE016"", }"
"143",2019-07-18,"Event","en","http://creativecommons.org/publicdomain/zero/1.0/legalcode","A Rocha Kenya","ARK","20190718_sabaki","Water Bird Count",298,"minutes","","2019-07-18","09:20/14:18","sabaki","Africa","Kenya","KE","Kilifi","Sabaki River Mouth",-3.16658,40.14167,"{coverage: """", water: """", tidal: """", weather: """", disturbed: """", participants: """", CWAC_sitecode: ""3094008"", IBA_sitecode: ""KE019"", }"
"144",2019-07-26,"Event","en","http://creativecommons.org/publicdomain/zero/1.0/legalcode","A Rocha Kenya","ARK","20190726_mida","Water Bird Count",200,"minutes","","2019-07-26","09:10/12:30","mida","Africa","Kenya","KE","Kilifi","Mida Creek",-3.330189,39.967088,"{coverage: """", water: """", tidal: """", weather: """", disturbed: """", participants: """", CWAC_sitecode: ""NA"", IBA_sitecode: ""KE016"", }"
"145",2019-08-15,"Event","en","http://creativecommons.org/publicdomain/zero/1.0/legalcode","A Rocha Kenya","ARK","20190815_sabaki","Water Bird Count",300,"minutes","","2019-08-15","08:20/13:20","sabaki","Africa","Kenya","KE","Kilifi","Sabaki River Mouth",-3.16658,40.14167,"{coverage: """", water: """", tidal: """", weather: """", disturbed: """", participants: """", CWAC_sitecode: ""3094008"", IBA_sitecode: ""KE019"", }"
"146",2019-10-29,"Event","en","http://creativecommons.org/publicdomain/zero/1.0/legalcode","A Rocha Kenya","ARK","20191029_sabaki","Water Bird Count",260,"minutes","","2019-10-29","09:30/13:50","sabaki","Africa","Kenya","KE","Kilifi","Sabaki River Mouth",-3.16658,40.14167,"{coverage: """", water: """", tidal: """", weather: """", disturbed: """", participants: """", CWAC_sitecode: ""3094008"", IBA_sitecode: ""KE019"", }"
"147",2020-01-23,"Event","en","http://creativecommons.org/publicdomain/zero/1.0/legalcode","A Rocha Kenya","ARK","20200123_sabaki","Water Bird Count",206,"minutes","","2020-01-23","07:39/11:05","sabaki","Africa","Kenya","KE","Kilifi","Sabaki River Mouth",-3.16658,40.14167,"{coverage: """", water: """", tidal: """", weather: """", disturbed: """", participants: """", CWAC_sitecode: ""3094008"", IBA_sitecode: ""KE019"", }"
"148",2020-02-07,"Event","en","http://creativecommons.org/publicdomain/zero/1.0/legalcode","A Rocha Kenya","ARK","20200207_sabaki","Water Bird Count",240,"minutes","Good, 50-75%","2020-02-07","09:00/13:00","sabaki","Africa","Kenya","KE","Kilifi","Sabaki River Mouth",-3.16658,40.14167,"{coverage: ""Good, 50-75%"", water: ""Flooded"", tidal: """", weather: ""No effect on count"", disturbed: ""Little effect"", participants: ""KL,TM,RN,AN"", CWAC_sitecode: ""3094008"", IBA_sitecode: ""KE019"", }"
"149",2020-02-20,"Event","en","http://creativecommons.org/publicdomain/zero/1.0/legalcode","A Rocha Kenya","ARK","20200220_mida","Water Bird Count",95,"minutes","Complete, 100%","2020-02-20","14:40/16:15","mida","Africa","Kenya","KE","Kilifi","Mida Creek",-3.330189,39.967088,"{coverage: ""Complete, 100%"", water: ""Normal level"", tidal: ""Rising tide"", weather: ""No effect on count"", disturbed: ""Little effect"", participants: ""KA, SK2, SA, EM, AS, CJ, RN, TM, AX"", CWAC_sitecode: ""NA"", IBA_sitecode: ""KE016"", }"
"150",2020-02-21,"Event","en","http://creativecommons.org/publicdomain/zero/1.0/legalcode","A Rocha Kenya","ARK","20200221_mida","Water Bird Count",95,"minutes","Complete, 100%","2020-02-21","14:40/16:15","mida","Africa","Kenya","KE","Kilifi","Mida Creek",-3.330189,39.967088,"{coverage: ""Complete, 100%"", water: """", tidal: """", weather: ""No effect on count"", disturbed: ""Little effect"", participants: ""KA, SK2, SA, EM, AS, CJ, RN, TM, AX"", CWAC_sitecode: ""NA"", IBA_sitecode: ""KE016"", }"
"151",2020-03-10,"Event","en","http://creativecommons.org/publicdomain/zero/1.0/legalcode","A Rocha Kenya","ARK","20200310_sabaki","Water Bird Count",235,"minutes","Complete, 100%","2020-03-10","08:45/12:40","sabaki","Africa","Kenya","KE","Kilifi","Sabaki River Mouth",-3.16658,40.14167,"{coverage: ""Complete, 100%"", water: """", tidal: """", weather: ""No effect on count"", disturbed: ""No effect"", participants: ""LK,RN,FT,TM,AM"", CWAC_sitecode: ""3094008"", IBA_sitecode: ""KE019"", }"
"152",2020-03-20,"Event","en","http://creativecommons.org/publicdomain/zero/1.0/legalcode","A Rocha Kenya","ARK","20200320_mida","Water Bird Count",109,"minutes","Complete, 100%","2020-03-20","14:26/16:15","mida","Africa","Kenya","KE","Kilifi","Mida Creek",-3.330189,39.967088,"{coverage: ""Complete, 100%"", water: """", tidal: """", weather: ""No effect on count"", disturbed: ""No effect"", participants: ""RN,AN"", CWAC_sitecode: ""NA"", IBA_sitecode: ""KE016"", }"
"153",2020-03-31,"Event","en","http://creativecommons.org/publicdomain/zero/1.0/legalcode","A Rocha Kenya","ARK","20200331_mida","Water Bird Count",55,"minutes","Excellent, 75-99%","2020-03-31","07:35/08:30","mida","Africa","Kenya","KE","Kilifi","Mida Creek",-3.330189,39.967088,"{coverage: ""Excellent, 75-99%"", water: """", tidal: """", weather: ""No effect on count"", disturbed: ""Little effect"", participants: ""LK, RN, AN, AJ, KA"", CWAC_sitecode: ""NA"", IBA_sitecode: ""KE016"", }"
"154",2020-04-07,"Event","en","http://creativecommons.org/publicdomain/zero/1.0/legalcode","A Rocha Kenya","ARK","20200407_sabaki","Water Bird Count",274,"minutes","Excellent, 75-99%","2020-04-07","07:56/12:30","sabaki","Africa","Kenya","KE","Kilifi","Sabaki River Mouth",-3.16658,40.14167,"{coverage: ""Excellent, 75-99%"", water: """", tidal: """", weather: ""No effect on count"", disturbed: ""No effect"", participants: ""LK, RN, AN, MN"", CWAC_sitecode: ""3094008"", IBA_sitecode: ""KE019"", }"
"155",2020-04-14,"Event","en","http://creativecommons.org/publicdomain/zero/1.0/legalcode","A Rocha Kenya","ARK","20200414_mida","Water Bird Count",75,"minutes","Excellent, 75-99%","2020-04-14","07:45/09:00","mida","Africa","Kenya","KE","Kilifi","Mida Creek",-3.330189,39.967088,"{coverage: ""Excellent, 75-99%"", water: """", tidal: """", weather: """", disturbed: """", participants: ""LK, RN, AN, JA, CJ"", CWAC_sitecode: ""NA"", IBA_sitecode: ""KE016"", }"
"156",2020-05-22,"Event","en","http://creativecommons.org/publicdomain/zero/1.0/legalcode","A Rocha Kenya","ARK","20200522_sabaki","Water Bird Count",255,"minutes","Excellent, 75-99%","2020-05-22","07:45/12:00","sabaki","Africa","Kenya","KE","Kilifi","Sabaki River Mouth",-3.16658,40.14167,"{coverage: ""Excellent, 75-99%"", water: """", tidal: """", weather: ""No effect on count"", disturbed: """", participants: ""LK, RN, JA, CJ"", CWAC_sitecode: ""3094008"", IBA_sitecode: ""KE019"", }"
"157",2020-05-29,"Event","en","http://creativecommons.org/publicdomain/zero/1.0/legalcode","A Rocha Kenya","ARK","20200529_mida","Water Bird Count",90,"minutes","Excellent, 75-99%","2020-05-29","07:40/09:10","mida","Africa","Kenya","KE","Kilifi","Mida Creek",-3.330189,39.967088,"{coverage: ""Excellent, 75-99%"", water: """", tidal: """", weather: ""No effect on count"", disturbed: """", participants: ""RN,AN"", CWAC_sitecode: ""NA"", IBA_sitecode: ""KE016"", }"
"158",2020-06-05,"Event","en","http://creativecommons.org/publicdomain/zero/1.0/legalcode","A Rocha Kenya","ARK","20200605_sabaki","Water Bird Count",275,"minutes","Excellent, 75-99%","2020-06-05","06:45/11:20","sabaki","Africa","Kenya","KE","Kilifi","Sabaki River Mouth",-3.16658,40.14167,"{coverage: ""Excellent, 75-99%"", water: """", tidal: """", weather: ""No effect on count"", disturbed: """", participants: ""RN, AN, KL, MN, JA"", CWAC_sitecode: ""3094008"", IBA_sitecode: ""KE019"", }"
"159",2020-06-13,"Event","en","http://creativecommons.org/publicdomain/zero/1.0/legalcode","A Rocha Kenya","ARK","20200613_mida","Water Bird Count",30,"minutes","Excellent, 75-99%","2020-06-13","09:20/09:50","mida","Africa","Kenya","KE","Kilifi","Mida Creek",-3.330189,39.967088,"{coverage: ""Excellent, 75-99%"", water: """", tidal: """", weather: ""No effect on count"", disturbed: ""No effect"", participants: ""RN, AN, KL, JA"", CWAC_sitecode: ""NA"", IBA_sitecode: ""KE016"", }"
